,0,1,2,3,4,5,6,7,8,9,10,11,12,13,14,15,16,17,18,19,20,21,22,23,24,25,26,27,28,29,30,31,32,33,34,35,36,37,38,39,40,41,42,43,44,45,46,47,48,49,50,51,52,53,54,55,56,57,58,59,60,61,62,63,64,65,66,67,68
0,0.0,0.9386979283164326,0.7905231996636908,0.995706708352831,1.0044772646847624,1.5578839139033451,0.3254528469509854,1.304081675414963,3.9424908750908854,1.0638093440830363,2.2868098476414382,2.3239406976587036,2.449694149860011,1.1944476508025226,4.70847655455532,2.115841478673789,1.3264884355892956,0.5883398651803667,2.0358110540874033,2.248239919268388,1.0978150350182132,0.5029846704907984,2.231987657384466,0.9843526397534264,1.3166081054702257,1.3069350431651743,0.947756273626841,0.8012398349454878,0.8304855762605169,1.7247238131045397,2.0452428167651617,3.360978658741847,2.4937393159464034,1.875670734263995,2.33332044908458,2.5463688798547586,0.8988922977776406,3.6568081176212597,3.578668998197947,3.242112540682657,1.0538743182442953,8.107841119361595,2.1463580462193796,1.7154805305090364,1.8212726788451485,5.181523337068053,3.4533703033731573,3.0247868165311207,0.5996521697450211,1.4193907466177356,3.473203696179585,2.882847826265756,0.21547844288445528,3.0844477780350106,0.22518796680461955,0.2051542247447645,0.5054916450248713,2.0447796521373927,1.1884983726141487,0.8008622011459098,2.8799063327874226,0.871943687069563,3.6581957746205327,0.6051446034887422,1.8812813152572787,0.9302426303302394,0.4072744252676589,0.8901051552418858,2.4912991495760126
1,0.9386979283164326,0.0,0.15525892582684062,0.45297895424690554,1.7524612909374293,0.9824004836562076,0.6180925430385544,1.421561217690784,3.115764592365678,0.2820662016831701,3.2125090878221565,3.2555042098734814,3.3858442467344023,0.6391741710768982,4.682398848102604,1.3110919461696726,0.3878073574428913,0.8164489128215846,1.247563724532398,1.3097181760174426,1.7683020352000018,1.3919033220274966,1.4498973204867005,1.0272996326813006,0.7325371066951115,1.8336348358824581,0.8343077104716112,1.5009990508994797,1.6713462220949264,2.271870101381522,2.2293088561004293,2.4392138589060037,1.570302174783295,0.9895119701418947,1.4592146233948453,1.7777308866731423,1.8016704922939333,2.7335142664714036,2.9072481575422695,2.4804098276423145,1.7149928269458539,7.507102716350774,1.2346621630631152,0.9894821557360645,1.225020113131915,5.098226302813044,3.335471745246315,2.86431045543077,1.5344736707337374,1.3252884324940524,2.815245857412356,2.7916175452706105,0.7937411941119459,3.070807822943067,0.9238286623301933,0.7844646195736763,1.2511791552445206,2.22985474686475,0.9945362812045859,1.500366231355469,2.790258812383087,0.7134930620546007,2.7348927665309186,1.5403576500152503,1.7857360561857505,1.0732406540317694,0.9068727642029822,1.7926238201803177,1.5680673359730624
2,0.7905231996636908,0.15525892582684062,0.0,0.419411720822544,1.600130566763286,1.0774555855974768,0.4671133841688208,1.4006494582391282,3.2216799518727215,0.32886972999704034,3.058782072975906,3.1026879045065394,3.2343234933879885,0.632793773279062,4.631468022474469,1.4538765330633678,0.5391408806907656,0.7366634350444895,1.3339349980750193,1.4605828948476693,1.6200420158117876,1.2372950470403754,1.5363778777214785,1.0005672371004413,0.8195009871453853,1.7574248912377815,0.8222670493139089,1.3929350296057161,1.5448445142923948,2.1981232724607818,2.2141642861361603,2.594261727390037,1.725388639016505,1.1085923602560253,1.5759467950676884,1.862770074787283,1.6470068601332055,2.8715984553482814,3.0363636746726614,2.566987386213371,1.5669398894514375,7.631650721211098,1.3898046296188962,1.052141108087147,1.256321432860935,5.142541340454444,3.3793985605344377,2.912417746697856,1.3834005343700089,1.3381172810166049,2.9421649302789987,2.827774695733952,0.639307287873306,3.0961040003794107,0.7686880440470838,0.630588802882781,1.1310954250220642,2.2145506209442507,1.0111448481410155,1.3923255173668054,2.8261439632152716,0.6159628493338579,2.872981780517429,1.3893885557416294,1.810665906701979,1.0318009714913599,0.7541910748805933,1.637957628193289,1.7231647556438545
3,0.995706708352831,0.45297895424690554,0.419411720822544,0.0,1.5533070954353085,1.4286502616788521,0.6957342318315872,1.8177335511515385,2.947619690341662,0.23155141928892328,3.1303773569799778,3.189271913146263,3.3371497188211796,0.2223243976891227,4.2298090095132,1.670033272526352,0.6313970984984819,1.1240207946788137,1.0413726411115998,1.4432133431732854,1.5257712828142544,1.3290314886184151,1.2364175115348084,1.4172144842522751,1.1835089658033022,2.132505809298961,1.2416021920527023,1.7189308698871548,1.8171043410440495,2.5733849758777647,2.6317198937950548,2.6234742032121385,1.7735141718171044,0.9336221865007641,1.3647739209270178,1.5512462310862454,1.720507777885843,2.726579306667766,3.295945962215679,2.24940775014916,1.4723839510058256,7.900055780424958,1.4819934211286045,0.7201897312211489,0.8652450765748501,5.548483463803694,3.7853508500224304,3.3153366304521215,1.5253104946284024,1.7559029179872168,3.2097562754661326,3.238206216108658,0.7905085176324149,3.5114383569271674,0.8767785581945458,0.7945138819783625,1.4347924853626595,2.632068282673494,1.4274794188134645,1.71838560878866,3.236718719496849,0.33681487298466867,2.727973224017604,1.5321909156258537,2.225505283564849,1.4427753422061835,0.7709094923066073,1.7116618329911477,1.7719468998473515
4,1.0044772646847624,1.7524612909374293,1.600130566763286,1.5533070954353085,0.0,2.5429377320237725,1.2038593020820751,2.252478477236057,4.296320971529435,1.737272895756796,1.647347582367053,1.7283055396138995,1.899329275762392,1.6474060242942539,4.076629886741653,3.041893950472117,2.1081143899848906,1.5889563142936216,2.4779936173807258,2.9906297027406965,0.18073463086932096,0.5563150665178824,2.6399052479032967,1.9754446232824356,2.2916495159702417,2.03513163748131,1.9521140647059974,1.503048656546077,1.2987198807806315,2.3623539178865873,2.908187057059474,4.162453688701013,3.29988672087164,2.4738279192827157,2.8664349122729225,2.900575205636908,0.4799713298170623,4.246476225877585,4.5647416131720195,3.5282088062038484,0.1877310503588507,9.110541074112508,2.9795471868784644,2.1445326736272543,2.093051094309384,6.083287253864803,4.39149801173889,3.98345911908109,0.6970264067887308,2.407658691725381,4.461876100945087,3.8234744145825297,1.0130037001024796,3.9916039951443345,0.875014635532268,1.0316412080086848,1.2974794605625501,2.9072526495126536,2.192232357137032,1.5031101104902673,3.820084378374299,1.2417336280793758,4.247861827146112,0.7006932807910051,2.8522026624321875,1.9085943772105716,0.8459477931284584,0.47758192609931877,3.2979772272981456
5,1.5578839139033451,0.9824004836562076,1.0774555855974768,1.4286502616788521,2.5429377320237725,0.0,1.346527116619145,1.0072732089023846,3.482827135363797,1.2190867448737637,3.7538194373451383,3.767975121329074,3.8620003356089994,1.5851437752988906,5.639924604708708,0.6953804789593601,0.9314417753295979,1.0403724452431966,1.8846969564358393,1.3447909712424295,2.6043875615449315,2.059395607205264,2.060246872228061,0.8258586798412265,0.2609421771302907,1.6880890408467044,0.6948683918898116,1.6531261915137432,1.9444595366168704,2.0479596141176333,1.634514030988868,2.1057762531802804,1.3500035312314573,1.4934990451566252,1.8818462581208626,2.3621597788783086,2.439629657672975,2.8011882523482874,2.0225282415030827,3.0079396170571164,2.554249372763221,6.584326034419869,1.0212288914364873,1.7569544486819915,2.060264377504454,4.178250894402536,2.4284621196063303,1.951196535231204,2.104699077010289,0.7307387247003923,1.918963201341882,1.9195250365032377,1.5329869412073527,2.232949663520382,1.6691705040355624,1.5131714819369042,1.5529404517194667,1.635927092047609,0.5540524993143642,1.6524505402588872,1.9191858290152681,1.6899753291437876,2.8024078449300887,2.1081395147387885,1.0201630168634506,0.9330727288175917,1.7378871819228638,2.4312857092377227,1.3466998111471251
6,0.3254528469509854,0.6180925430385544,0.4671133841688208,0.6957342318315872,1.2038593020820751,1.346527116619145,0.0,1.3149807123553618,3.6322058540838467,0.7413815068919297,2.596124917698689,2.6377699729859296,2.767795975195319,0.9071495658395802,4.633057099853165,1.8467187963128477,1.0054359555562222,0.5527809841250488,1.7268026786084854,1.9273249915878803,1.2579143290390125,0.7814614378243794,1.9254119330739499,0.9395046454569544,1.0911771640426526,1.4805257440735502,0.8369417434749284,1.0305662479633828,1.1234442274624492,1.916263638324575,2.107632313080836,3.0517475991077565,2.183099206338755,1.552201582588467,2.01218013891681,2.24418399492464,1.190354060418674,3.3314049583345473,3.3643304101785994,2.9442316804393367,1.2077245470219546,7.928649784845488,1.8404032345832555,1.4138910328733405,1.5476656071976622,5.178834178490034,3.4288597075912133,2.9813126744318352,0.91652644090237,1.3586214165000965,3.26302058841451,2.861684736239251,0.19220651264116245,3.092640370978102,0.33110126868439727,0.17642352586864682,0.7413342501970543,2.1075266722341626,1.0761363885310942,1.0300548148659436,2.85925667301561,0.6482997035461148,3.332792395612777,0.9224623156929914,1.8391201002346051,0.9200522349517424,0.39918203203477776,1.1813476436613364,2.1807569707213146
7,1.304081675414963,1.421561217690784,1.4006494582391282,1.8177335511515385,2.252478477236057,1.0072732089023846,1.3149807123553618,0.0,4.394545430039459,1.7013828985706074,3.0676953576540056,3.0552234359878248,3.1142134498797462,2.0334429642315905,5.947131209367103,1.692715694403996,1.6299117686222,0.7624944839915556,2.6286182860096297,2.30812827553002,2.375472001860223,1.6972598398747298,2.8257100237755184,0.40056971475891273,0.9811030247447718,0.7111133533540913,0.5876015893898381,0.8923240052673236,1.2128177723231908,1.0410926832100094,0.8140982805316588,3.104954778514039,2.3543451963971003,2.2942592429546718,2.740380659914499,3.1499073293626547,1.971003470057224,3.789725199342304,2.6735224910778523,3.8382102740199957,2.336852878904291,6.99772374804758,2.0159464063829433,2.4040167609311034,2.645818420688359,3.87976081335163,2.1503076007346626,1.7312796428368626,1.623463654420219,0.3084374415255827,2.556699149894847,1.5798554116197536,1.422306566641198,1.7849461740583215,1.5126692430247353,1.3991826129042702,0.9735257378395158,0.8144170114829953,0.5000425665711709,0.8918245141000888,1.576808095728891,1.9232985698318579,3.790982684824319,1.623532430909332,0.6094583186692226,0.3951436130787428,1.6683439206294253,1.964754539162016,2.3510689929456587
8,3.9424908750908854,3.115764592365678,3.2216799518727215,2.947619690341662,4.296320971529435,3.482827135363797,3.6322058540838467,4.394545430039459,0.0,2.9021317171137277,5.943668240200448,6.022730338908124,6.188983045056761,2.7617727575088518,4.23644379289238,2.993723064727698,2.7975075056323115,3.9283577628425808,1.9066807602719469,2.1502406598595103,4.192157018601255,4.240432653005031,1.7118746063744998,4.0531204716294456,3.4233791401570564,4.930229779281192,3.8475885630459694,4.6139148704823185,4.7539465647972,5.3594031208508985,5.1128597646946385,2.213204902095081,2.297265115140188,2.1324437957802007,1.6661492503936162,1.4099382186731204,4.5973099857404325,1.0870415181343922,3.9781261048756056,0.7864327569827648,4.148315614217684,7.874883834716179,2.51507021251806,2.2314567739069786,2.207128746229112,7.256878994599071,5.666678633914774,5.217525443891693,4.456419489695879,4.179324827739924,3.978284803061721,5.267863169646506,3.737905103010931,5.608562496119273,3.8160108638874783,3.742131955650908,4.350525532833334,5.114155433524494,3.895969428695867,4.613296911627107,5.269103522288473,3.14667342809705,1.0870026181164396,4.463534079366374,4.497911142269454,4.127995510573584,3.6828201534248146,4.5891317704326005,2.3002772829592097
9,1.0638093440830363,0.2820662016831701,0.32886972999704034,0.23155141928892328,1.737272895756796,1.2190867448737637,0.7413815068919297,1.7013828985706074,2.9021317171137277,0.0,3.277080297271972,3.3297054709285256,3.4707037703176966,0.3684790833055958,4.424102351783844,1.4385464321985442,0.4020188677002743,1.0645978805282832,1.0071101300935703,1.254669963981533,1.724070673122857,1.4576224233321164,1.2092430997132297,1.3050883550498202,0.9829628538336455,2.085668349212134,1.1148670676405348,1.7170939518713284,1.854113457919285,2.526120673966146,2.5105509145015388,2.4259093922435286,1.5672810476932915,0.8120792856334055,1.2708830011521064,1.5349545854056603,1.8607489298770434,2.600054324979003,3.064629452220414,2.2391669623088934,1.670381071465758,7.668695783180196,1.263671908011154,0.7240813597313484,0.9444362326200586,5.366183023963198,3.604648899021284,3.1315872954427357,1.6330218641992005,1.6066879950411723,2.9787882435754347,3.0651041553678926,0.879631605592065,3.3482200954531995,0.9890615536537203,0.877627996342979,1.4485711923905378,2.511075917351199,1.2758802861012124,1.7164965143486473,3.063865706495584,0.5599601897013217,2.60144620064143,1.6395361400119934,2.0642975286495067,1.3459885834073633,0.9183167468473155,1.851751216111347,1.5655300813094037
10,2.2868098476414382,3.2125090878221565,3.058782072975906,3.1303773569799778,1.647347582367053,3.7538194373451383,2.596124917698689,3.0676953576540056,5.943668240200448,3.277080297271972,0.0,0.12467528143592405,0.3092136297573064,3.2592033122635606,5.088446294820399,4.377322545363997,3.597429278875014,2.714866654837039,4.110143756902939,4.516084145319508,1.7600065643004037,1.8237755007405576,4.2789855528067795,2.982524485029848,3.5450392241014126,2.491149914302051,3.064486113519334,2.181211288257402,1.8606844024056213,2.550280015001727,3.387515298828483,5.6469037403191304,4.778751219713309,4.063993193328791,4.482791045382736,4.546286730612626,1.4166789381060276,5.855559989252725,5.705998677932616,5.174465672823058,1.8004088472915367,10.042887727503079,4.433015336768463,3.774314609523319,3.739555115998211,6.3882092217763775,4.916200534961046,4.616797952009533,1.6882631348010242,3.3345041485373024,5.59225061850679,4.402755386489882,2.4198179511751667,4.4476572957053415,2.295351695252222,2.4282031041036545,2.2059163867053146,3.385654955251871,3.2595521182046605,2.181771028930772,4.3981120791425,2.851103089686176,5.856952993270283,1.6831505772984743,3.6462149248711526,2.8811951167649292,2.3626346969277714,1.4257027396424744,4.776371754116854
11,2.3239406976587036,3.2555042098734814,3.1026879045065394,3.189271913146263,1.7283055396138995,3.767975121329074,2.6377699729859296,3.0552234359878248,6.022730338908124,3.3297054709285256,0.12467528143592405,0.0,0.18958683316939348,3.324104463938722,5.212270223601341,4.400531707292864,3.6418120547049853,2.7318979596920707,4.179043908256453,4.562326959350742,1.8482220022775595,1.8727791304010686,4.350563469195764,2.9862558877578285,3.564601594224665,2.4606886765289224,3.075906828165243,2.1746720683183445,1.856033054758684,2.4991644233314725,3.3464344978944665,5.684752744366851,4.8176735751509865,4.122345394583196,4.546394989694929,4.622089339329199,1.4699319107177062,5.9157916541406586,5.705239230950108,5.256429088298772,1.8868483337496216,10.01622675269385,4.469614037007478,3.842860583219055,3.8167204364725373,6.320985908155003,4.868508460118258,4.578367195880481,1.724288644104372,3.327852592752359,5.590794044830597,4.361482214119807,2.4651878268870666,4.397356052564666,2.3438607139368677,2.4725274648631004,2.2161284804899797,3.3445255816797803,3.2651375833042326,2.175254064145946,4.356773340866184,2.9169081790363167,5.917185444732761,1.7188254552716549,3.6262442442732308,2.8834926591119427,2.4193443787339555,1.478870997590111,4.815236528385641
12,2.449694149860011,3.3858442467344023,3.2343234933879885,3.3371497188211796,1.899329275762392,3.8620003356089994,2.767795975195319,3.1142134498797462,6.188983045056761,3.4707037703176966,0.3092136297573064,0.18958683316939348,0.0,3.477990568131823,5.396101339004789,4.505379977622525,3.7731887707530416,2.8319386031406366,4.336235802881648,4.6949062488501045,2.024614504430326,2.013331430280086,4.510290615403529,3.068074877757524,3.6659723732944767,2.4950788694068335,3.1677421545368296,2.2455607718387816,1.9315352914806296,2.5001320436033194,3.3610085944345127,5.806683381765558,4.941482074634335,4.268701381961914,4.697984845747082,4.785736568015261,1.616871050357843,6.063167174128649,5.776817391145205,5.4255123751897045,2.061854076903671,10.047716076416112,4.590944526366336,3.999928857424765,3.9820405681573394,6.287149206720396,4.869591640678422,4.594870622137662,1.8514200257659232,3.3944326952383226,5.66148939766698,4.3737387771211065,2.599835947173043,4.39473523967428,2.4822801206324736,2.6059934689315436,2.309328339832127,3.3590262990405813,3.3487543643287436,2.2461705670871868,4.368931280640464,3.0721790840620193,6.064561275626853,1.8455941944853225,3.672837716185116,2.9636641304228544,2.5662691142035956,1.6256719341255632,4.938978322544493
13,1.1944476508025226,0.6391741710768982,0.632793773279062,0.2223243976891227,1.6474060242942539,1.5851437752988906,0.9071495658395802,2.0334429642315905,2.7617727575088518,0.3684790833055958,3.2592033122635606,3.324104463938722,3.477990568131823,0.0,4.056090501402686,1.749008493675052,0.7125986655017489,1.3462176091752822,0.8645038242946999,1.405356548943063,1.5968266010772663,1.4864517879767591,1.0512618522148152,1.6333139559429137,1.351326272246307,2.3543869974138865,1.4533525782616774,1.9352142029665524,2.022022360405216,2.795153669016989,2.846872870333279,2.588125501865654,1.7612624320265644,0.831729069637531,1.223951726808525,1.356616699988369,1.8633469804955458,2.601208722729959,3.3820864308942595,2.048340750160595,1.5447669948234322,7.981828251059814,1.500978083797982,0.5313144223068718,0.6443481327981162,5.733851923471868,3.971882850463477,3.4993192179816903,1.6959563606703651,1.9603225979470453,3.301078204775521,3.4302647776629898,0.9833874933626781,3.709825805607111,1.054462060111272,0.9901693649474342,1.648345710525876,2.8472684841475777,1.6302575649220103,1.934681142290158,3.4289479749488927,0.40855168335500053,2.6025977638580935,1.7030202348697767,2.424442763648788,1.6619172739178667,0.9252532103093849,1.8547249166321704,1.7600791698711526
14,4.70847655455532,4.682398848102604,4.631468022474469,4.2298090095132,4.076629886741653,5.639924604708708,4.633057099853165,5.947131209367103,4.23644379289238,4.424102351783844,5.088446294820399,5.212270223601341,5.396101339004789,4.056090501402686,0.0,5.678500744112069,4.730564132194674,5.185764946482806,4.014805069792077,4.9837926846033,3.8972679754454993,4.523927463962119,3.9438103374813553,5.561591901868652,5.406922434381266,5.996434770266792,5.422010445518691,5.460945039776938,5.33430202881013,6.381257295228102,6.737192517746235,5.877162895248989,5.361322257783821,4.396858846308602,4.321725115817206,3.8277239558564733,4.553299119596029,5.087542418955396,7.2509555772009735,3.731716380751092,3.905236064571199,11.716791868553102,5.277889917975236,3.9729891187161313,3.648275177151034,9.773753767395247,8.0107787066946,7.543450949819494,4.735868929743289,5.953210174413933,7.1928838924384655,7.45642989148015,4.545610108033915,7.711901838114631,4.483697316606117,4.567674130507326,5.187607815363925,6.736974424250314,5.635108717183346,5.460771538044992,7.454621111605643,4.040448285130613,5.0882987206086225,4.741240871471084,6.433576088320423,5.5519932611203995,4.307655735851331,4.5518193635158655,5.36217280424265
15,2.115841478673789,1.3110919461696726,1.4538765330633678,1.670033272526352,3.041893950472117,0.6953804789593601,1.8467187963128477,1.692715694403996,2.993723064727698,1.4385464321985442,4.377322545363997,4.400531707292864,4.505379977622525,1.749008493675052,5.678500744112069,0.0,1.0424960719037202,1.6748286223750752,1.705020098888952,0.8719732384484735,3.0722108661373877,2.614787020105296,1.8339618706546261,1.515516111644438,0.8424105353404184,2.382514455060146,1.3646922551358127,2.3317590631126515,2.6108162844573366,2.7330057857841012,2.2351206892523106,1.4126361614798333,0.7240792352595783,1.3000817735987655,1.5468651532268771,2.081791208424214,3.014649146666811,2.1940551416764964,1.6331246528326415,2.6394832096445953,3.0193839572892265,6.234088065398996,0.4929690814122074,1.7057055545376987,2.030438337784484,4.368868007944323,2.6965457307864513,2.235066138285356,2.6988911376671463,1.400561177926937,1.5538467636840279,2.274618481511207,2.038743983442513,2.6148476222056853,2.17739691421478,2.022958045672961,2.202844079416298,2.236850533948823,1.2488049994141048,2.331074171159636,2.2757827319138237,1.991794383307424,2.195171244005867,2.703259308130661,1.5752221142419718,1.6217768201425218,2.199867974178299,3.0058857488412696,0.7207586202646807
16,1.3264884355892956,0.3878073574428913,0.5391408806907656,0.6313970984984819,2.1081143899848906,0.9314417753295979,1.0054359555562222,1.6299117686222,2.7975075056323115,0.4020188677002743,3.597429278875014,3.6418120547049853,3.7731887707530416,0.7125986655017489,4.730564132194674,1.0424960719037202,0.0,1.1441226590061613,1.004487055062883,0.9219671793534643,2.1079160601412434,1.77479955769486,1.1981225939519535,1.2640422785662966,0.7419313738128858,2.1329086304031675,1.0585340861655588,1.8511901214587723,2.0426517445137087,2.5623400450134297,2.406591797290622,2.061764730109369,1.194510858131327,0.6696967086808652,1.1313643536928204,1.520563216535637,2.184162323986402,2.356694832717853,2.6736174211591472,2.209148428719574,2.054207374207686,7.2762882241361675,0.87297389119973,0.8301392725813003,1.1288697192507755,5.109673775145146,3.358640047912171,2.881605761845106,1.9219585559617811,1.4673342616995146,2.590696517114565,2.8407287593993145,1.1776133771937387,3.1437944795134665,1.304373308198985,1.169480143219364,1.6177518187979487,2.4074696192372964,1.149043466561256,1.8505327010040924,2.8400774360106062,0.9618275188879352,2.3580649281317982,1.9278805271766546,1.882383017325833,1.3330743101701237,1.269407202605996,2.1751087462594607,1.192456969720973
17,0.5883398651803667,0.8164489128215846,0.7366634350444895,1.1240207946788137,1.5889563142936216,1.0403724452431966,0.5527809841250488,0.7624944839915556,3.9283577628425808,1.0645978805282832,2.714866654837039,2.7318979596920707,2.8319386031406366,1.3462176091752822,5.185764946482806,1.6748286223750752,1.1441226590061613,0.0,2.0622550401309634,2.0060503182194793,1.6861529192297744,1.0596258275124752,2.264816843401982,0.4016165899085513,0.8340495771022254,1.0211105785486254,0.37079847597997867,0.7141960638437385,0.949889548315903,1.4615478872958074,1.5576631195401107,3.0186615985278804,2.1749782776647058,1.796867693283496,2.2659235978178827,2.592392103801756,1.4146244390488554,3.484089399367655,3.0354079040019823,3.295836288188172,1.6420213617617987,7.533080262817394,1.8165469547820274,1.788575725688691,1.9848222218229612,4.63389745766323,2.89062258669355,2.451698120507157,1.0715990924764265,0.8351629332445327,2.9265127812583662,2.321332021055191,0.6677528822442769,2.5435483258990756,0.7721668238133584,0.64441016327526,0.5300109767245126,1.5576298648261526,0.6050701409870072,0.7135190576994682,2.318695458231969,1.1766492845566152,3.4854388088825563,1.0745143393268564,1.3061395313297637,0.3682034697681475,0.9139087067421828,1.406658940691395,2.1721076948975466
18,2.0358110540874033,1.247563724532398,1.3339349980750193,1.0413726411115998,2.4779936173807258,1.8846969564358393,1.7268026786084854,2.6286182860096297,1.9066807602719469,1.0071101300935703,4.110143756902939,4.179043908256453,4.336235802881648,0.8645038242946999,4.014805069792077,1.705020098888952,1.004487055062883,2.0622550401309634,0.0,0.973504066632008,2.403974658291884,2.35095011290236,0.2026105924389859,2.251048189012654,1.7335995008528837,3.081151243956644,2.0480885290701,2.724021451830417,2.8498264149765054,3.5193572407442204,3.4110175103537985,2.026248999073401,1.3591652769900862,0.4086133314551526,0.42892951116417255,0.530208730680472,2.7248290528382277,1.786883083831784,3.2365497744274414,1.233740687244429,2.3546633603409592,7.740271458835798,1.2686043682090618,0.33630717671476434,0.48904336504199847,6.02351320009233,4.296299084537996,3.8199627788684447,2.5589512511138994,2.4714913204691937,3.180631446424091,3.802576871867024,1.8318783363010653,4.117584846749323,1.9138524781771398,1.8357401798108333,2.4524653424843894,3.4118866279675224,2.1531800021802465,2.723427107355172,3.8023876266916834,1.2648520057201702,1.7882436144637766,2.565969444702442,2.8760794123483677,2.309455356344218,1.7897230078111834,2.7162993863632376,1.359631111915126
19,2.248239919268388,1.3097181760174426,1.4605828948476693,1.4432133431732854,2.9906297027406965,1.3447909712424295,1.9273249915878803,2.30812827553002,2.1502406598595103,1.254669963981533,4.516084145319508,4.562326959350742,4.6949062488501045,1.405356548943063,4.9837926846033,0.8719732384484735,0.9219671793534643,2.0060503182194793,0.973504066632008,0.0,2.9689517360930804,2.69235528766911,1.0467242579820992,2.015230924400041,1.328246659718619,2.9208443019529406,1.818924071350135,2.7198992723948554,2.9390055654041536,3.3242876452634484,2.9792107244326353,1.1836389663304525,0.39001199510326656,0.6417222339406441,0.7031095235689842,1.2447572337190158,3.1006470379646256,1.491604416457914,2.274497318896808,1.7682659883519039,2.9155314404185377,6.768966102511964,0.37901658347229095,1.1125758583716758,1.4092630879954502,5.234787622608563,3.568139850917352,3.1048456159049977,2.8438448022080864,2.062819284694055,2.225204256122182,3.1353299545756697,2.097170407390908,3.472022204812866,2.2208654132626267,2.0898830345850348,2.5113638214837075,2.9806367389966977,1.8107443290003866,2.7192187690617495,3.136221998917629,1.773398239724583,1.492911111262805,2.8497873069169906,2.351026009788652,2.10658203582083,2.1698959339985984,3.0915976255019366,0.39006606509544084
20,1.0978150350182132,1.7683020352000018,1.6200420158117876,1.5257712828142544,0.18073463086932096,2.6043875615449315,1.2579143290390125,2.375472001860223,4.192157018601255,1.724070673122857,1.7600065643004037,1.8482220022775595,2.024614504430326,1.5968266010772663,3.8972679754454993,3.0722108661373877,2.1079160601412434,1.6861529192297744,2.403974658291884,2.9689517360930804,0.0,0.6947721446195917,2.5576695337975077,2.080307853014769,2.348802349447286,2.19265491262412,2.0415746762691263,1.6565264682227907,1.4662635389537622,2.5298875225533397,3.0527095471072805,4.14776803370825,3.2913496416761676,2.428282852023683,2.803188102510073,2.8063870931551205,0.6607051558542518,4.183384111946488,4.621004393872497,3.4181987940686085,0.05372716337371475,9.184270697830515,2.980819590984668,2.0745918097028437,1.9984597667614954,6.224282653866548,4.5216039333411935,4.106221414691907,0.8615189625430638,2.514842166797379,4.520423559239765,3.9522222561052205,1.0726838840518065,4.129521185400498,0.9395812756576615,1.0933460613424788,1.4360482533354297,3.0518539185173994,2.2837246825288755,1.656546171534642,3.948965877496497,1.2002860444034167,4.184762420118074,0.8657694968529707,2.9687229550531264,2.019744202175115,0.8751284401536651,0.6583023157950426,3.2895939401093304
21,0.5029846704907984,1.3919033220274966,1.2372950470403754,1.3290314886184151,0.5563150665178824,2.059395607205264,0.7814614378243794,1.6972598398747298,4.240432653005031,1.4576224233321164,1.8237755007405576,1.8727791304010686,2.013331430280086,1.4864517879767591,4.523927463962119,2.614787020105296,1.77479955769486,1.0596258275124752,2.35095011290236,2.69235528766911,0.6947721446195917,0.0,2.5353878705516184,1.4332541332584219,1.8195296269232797,1.5049264871787265,1.4292186279358703,0.9658528272399982,0.8112257770456448,1.8620906614004504,2.358058338488571,3.8306477085538226,2.961702653529888,2.256961487873601,2.6936508427947543,2.830680172680235,0.40978767203091865,4.051483322119022,4.078288386693976,3.504309868424436,0.6647383545828608,8.592706008573813,2.621255059732479,2.0167543784760498,2.0512431886865796,5.53078430924818,3.835259268562951,3.427762892653968,0.24262247045578827,1.861624883304731,3.971957518327485,3.2671612908534082,0.5981975242528663,3.437335983761309,0.47159441012550424,0.6084373314096755,0.7426964403683188,2.3571924167736524,1.6643643088745919,0.9658314564644785,3.263773301416456,1.0937849438548952,4.052877264014916,0.2496912368589901,2.299154402689083,1.3608821657276873,0.5615453631321996,0.4007447095013911,2.959423870129218
22,2.231987657384466,1.4498973204867005,1.5363778777214785,1.2364175115348084,2.6399052479032967,2.060246872228061,1.9254119330739499,2.8257100237755184,1.7118746063744998,1.2092430997132297,4.2789855528067795,4.350563469195764,4.510290615403529,1.0512618522148152,3.9438103374813553,1.8339618706546261,1.1981225939519535,2.264816843401982,0.2026105924389859,1.0467242579820992,2.5576695337975077,2.5353878705516184,0.0,2.4503915898063746,1.9195293905162556,3.283527434357617,2.24689012552014,2.9258621655010097,3.048794566566862,3.721559695800516,3.6040352328738416,2.013429420323704,1.4179677421814116,0.5677287706768592,0.3909549725904324,0.3278794531880721,2.9032892383808258,1.6613874271852025,3.32121574036431,1.031130961460097,2.5095691952630528,7.785322266484594,1.3754212929856182,0.520068438893865,0.5821241350143143,6.177387419770993,4.45934601095446,3.9841068165607845,2.74718683659572,2.662924509571376,3.271245176468277,3.973743519697279,2.026276946821196,4.2923243511219775,2.104634946893062,2.030805023410647,2.6533305121211335,3.6049423740569737,2.3470689238420035,2.9252700368047813,3.9737012079922547,1.444251129718213,1.6627141341023286,2.7542569528961782,3.0601501315510053,2.510025489661921,1.975306194934562,2.894868116296221,1.4188912863534762
23,0.9843526397534264,1.0272996326813006,1.0005672371004413,1.4172144842522751,1.9754446232824356,0.8258586798412265,0.9395046454569544,0.40056971475891273,4.0531204716294456,1.3050883550498202,2.982524485029848,2.9862558877578285,3.068074877757524,1.6333139559429137,5.561591901868652,1.515516111644438,1.2640422785662966,0.4016165899085513,2.251048189012654,2.015230924400041,2.080307853014769,1.4332541332584219,2.4503915898063746,0.0,0.7057418733193467,0.9061073995275638,0.20578564836187965,0.8335843716437429,1.1375006526664764,1.314226819885871,1.214663302374075,2.9145948589415602,2.113478828445602,1.9334473016848612,2.3898340325732614,2.7766705204232554,1.7594316013218625,3.50663012698403,2.725595664857515,3.47115847118864,2.037431213886868,7.171804868453167,1.7609537108331736,2.014428456285909,2.2491364091239836,4.23937560898698,2.4917017675261457,2.0504120020766052,1.409075144893474,0.4350500735108011,2.6129710583114254,1.923327976818138,1.0680097406005702,2.1545451798860733,1.1737102298707236,1.0446612377062428,0.7850693354405974,1.2149854659024815,0.2818612321152805,0.8329239331732841,1.9208095047904528,1.5289569130297576,3.507930563098476,1.4107627941389471,0.9049533855113711,0.1075015606388508,1.3135683433465217,1.7520944389020408,2.1103381553686793
24,1.3166081054702257,0.7325371066951115,0.8195009871453853,1.1835089658033022,2.2916495159702417,0.2609421771302907,1.0911771640426526,0.9811030247447718,3.4233791401570564,0.9829628538336455,3.5450392241014126,3.564601594224665,3.6659723732944767,1.351326272246307,5.406922434381266,0.8424105353404184,0.7419313738128858,0.8340495771022254,1.7335995008528837,1.328246659718619,2.348802349447286,1.8195296269232797,1.9195293905162556,0.7057418733193467,0.0,1.6075630411789508,0.5312394933066542,1.4956649536168725,1.7691055010692982,1.9992430355651418,1.6999063773515648,2.2169483774181664,1.4077440014399087,1.3621359340628367,1.784640718223142,2.2331402599286125,2.20722696491697,2.8147335805839426,2.2734957017283857,2.9014200006711226,2.298268185684332,6.843352864187842,1.0560373288149778,1.571083939525976,1.861620706768716,4.3889837444331485,2.6307076177483992,2.1553089111909305,1.8789638211977935,0.758259359917238,2.1718470519493667,2.1032645995944943,1.2795249845958994,2.402606846716114,1.4167760729272385,1.260291195527476,1.3607057381593102,1.701021159003803,0.4825166871178907,1.4949759678321723,2.102441209109564,1.434018301899171,2.816010518554264,1.8828197186188529,1.1429305757607096,0.8064779945882439,1.4797356606378722,2.1987142150558707,1.404601350443007
25,1.3069350431651743,1.8336348358824581,1.7574248912377815,2.132505809298961,2.03513163748131,1.6880890408467044,1.4805257440735502,0.7111133533540913,4.930229779281192,2.085668349212134,2.491149914302051,2.4606886765289224,2.4950788694068335,2.3543869974138865,5.996434770266792,2.382514455060146,2.1329086304031675,1.0211105785486254,3.081151243956644,2.9208443019529406,2.19265491262412,1.5049264871787265,3.283527434357617,0.9061073995275638,1.6075630411789508,0.0,1.102875958269202,0.5402672295611508,0.7634860117586443,0.44121486875844335,0.927489170677427,3.793859712226586,3.0130711848863347,2.7989232798564485,3.264123904073131,3.6113446575545574,1.6412686362351991,4.412403684305211,3.353872036033772,4.3139194191403485,2.1670427821485725,7.555809434272281,2.6634704062408647,2.8095391475553613,2.9974472222817266,4.0829945729512245,2.469322494271537,2.1338305511810867,1.3397469905759516,1.0195493840973286,3.23597826827266,1.929704556494804,1.4990554741583777,2.024951221488323,1.5304010482929598,1.4802143576504432,0.8104410130291823,0.9259887495201584,1.1405666494129016,0.540346494119191,1.9253443745771104,2.127701523606609,4.41370722840251,1.3366709429121342,1.1888401628155651,0.8151317717960588,1.7141319571102749,1.637669841208086,3.0098829289659355
26,0.947756273626841,0.8343077104716112,0.8222670493139089,1.2416021920527023,1.9521140647059974,0.6948683918898116,0.8369417434749284,0.5876015893898381,3.8475885630459694,1.1148670676405348,3.064486113519334,3.075906828165243,3.1677421545368296,1.4533525782616774,5.422010445518691,1.3646922551358127,1.0585340861655588,0.37079847597997867,2.0480885290701,1.818924071350135,2.0415746762691263,1.4292186279358703,2.24689012552014,0.20578564836187965,0.5312394933066542,1.102875958269202,0.0,0.9671563611988488,1.250772633347066,1.5172939156849443,1.3959861280935053,2.7481837968767735,1.932472938273416,1.7278017184395156,2.184080987678495,2.5727698404132098,1.7846256542161136,3.3104844662143873,2.6672991353647646,3.2663129788940584,1.9957068640580578,7.163977431686238,1.5770424614874334,1.8169565610200076,2.059110602728175,4.3603063019785395,2.6029271003724164,2.149008234567392,1.4399188002805718,0.5320831928238977,2.5577238705389482,2.0399855311287536,0.9905880174405864,2.290328440496491,1.1106276813469897,0.9677096899831397,0.8597920859252551,1.3964802756431154,0.24285529172360415,0.9664705385857949,2.0378725312792674,1.3817627477412782,3.3117938634342137,1.4425972843631925,1.0144438153034612,0.2878076531718241,1.229405819714905,1.7767256621536787,1.9293928088807966
27,0.8012398349454878,1.5009990508994797,1.3929350296057161,1.7189308698871548,1.503048656546077,1.6531261915137432,1.0305662479633828,0.8923240052673236,4.6139148704823185,1.7170939518713284,2.181211288257402,2.1746720683183445,2.2455607718387816,1.9352142029665524,5.460945039776938,2.3317590631126515,1.8511901214587723,0.7141960638437385,2.724021451830417,2.7198992723948554,1.6565264682227907,0.9658528272399982,2.9258621655010097,0.8335843716437429,1.4956649536168725,0.5402672295611508,0.9671563611988488,0.0,0.32118703404996946,0.9297332068365695,1.413903675527527,3.7093217127466125,2.877916738649836,2.4904196275096555,2.9601851585512424,3.250377565278514,1.1363462050865774,4.197820043586962,3.5320141042509934,3.9540863291145105,1.6294272994040648,7.889099332122317,2.519619441540591,2.426883424298789,2.577670114233178,4.589776061304065,2.931014323100992,2.5562510797761258,0.8137343448371926,1.1535473678397694,3.4170904882164774,2.372739047382766,1.0080668559743557,2.508781111156288,1.01746187169201,0.9921275487712028,0.2967246169174371,1.4128015275723615,1.1152449037346528,0.0006911993823090707,2.368852302915655,1.6593806546482508,4.199171779583309,0.8114700332739206,1.4901679441518347,0.7266603591826017,1.202655373957687,1.131623428034252,2.874962236240334
28,0.8304855762605169,1.6713462220949264,1.5448445142923948,1.8171043410440495,1.2987198807806315,1.9444595366168704,1.1234442274624492,1.2128177723231908,4.7539465647972,1.854113457919285,1.8606844024056213,1.856033054758684,1.9315352914806296,2.022022360405216,5.33430202881013,2.6108162844573366,2.0426517445137087,0.949889548315903,2.8498264149765054,2.9390055654041536,1.4662635389537622,0.8112257770456448,3.048794566566862,1.1375006526664764,1.7691055010692982,0.7634860117586443,1.250772633347066,0.32118703404996946,0.0,1.063810188986344,1.6824054812487117,3.968402030068064,3.123642099704402,2.6534330635678303,3.120173342719988,3.367417197539103,0.8805033485021847,4.399322349558739,3.8493079661996217,4.066509748850781,1.4473723466906072,8.208064674394441,2.7654152916801924,2.5367363612243277,2.6517409230867726,4.846411693636262,3.216196471567,2.855426813815235,0.6051965967762246,1.4738229414794088,3.7347755153444964,2.6646042549027875,1.0454858980693813,2.7817117590445113,1.0113915467314336,1.0355888581578534,0.42768733022911637,1.681074525395258,1.4189122687576177,0.32172204998799947,2.6605325050898996,1.69841824692369,4.400691635983175,0.6007000711320976,1.807111006012578,1.0324472907866105,1.188573352713546,0.8773741044982368,3.1208038509490565
29,1.7247238131045397,2.271870101381522,2.1981232724607818,2.5733849758777647,2.3623539178865873,2.0479596141176333,1.916263638324575,1.0410926832100094,5.3594031208508985,2.526120673966146,2.550280015001727,2.4991644233314725,2.5001320436033194,2.795153669016989,6.381257295228102,2.7330057857841012,2.5623400450134297,1.4615478872958074,3.5193572407442204,3.3242876452634484,2.5298875225533397,1.8620906614004504,3.721559695800516,1.314226819885871,1.9992430355651418,0.44121486875844335,1.5172939156849443,0.9297332068365695,1.063810188986344,0.0,0.8794737864780848,4.144425314177846,3.392001407416376,3.230467025093709,3.6934923386757847,4.04943491648596,1.929845990520825,4.813589631571346,3.5470836628978852,4.75130769703669,2.5101116285074343,7.576985453250659,3.0491202867282667,3.2501236034295586,3.438442531431085,3.8751585314371004,2.370277969874955,2.1061818657561457,1.6684402163445198,1.3353799030699847,3.4287270258250735,1.8790709551128348,1.924148180251246,1.8982104948662406,1.9447285035280855,1.9063014977033732,1.220265629600594,0.8773030878771564,1.5198976745581927,0.9300076015991965,1.874146819938637,2.5615393324975178,4.814872451299241,1.6641266906652474,1.3639771955204583,1.2327220801199834,2.1297497803705983,1.9278594680935484,3.3887478862089497
30,2.0452428167651617,2.2293088561004293,2.2141642861361603,2.6317198937950548,2.908187057059474,1.634514030988868,2.107632313080836,0.8140982805316588,5.1128597646946385,2.5105509145015388,3.387515298828483,3.3464344978944665,3.3610085944345127,2.846872870333279,6.737192517746235,2.2351206892523106,2.406591797290622,1.5576631195401107,3.4110175103537985,2.9792107244326353,3.0527095471072805,2.358058338488571,3.6040352328738416,1.214663302374075,1.6999063773515648,0.927489170677427,1.3959861280935053,1.413903675527527,1.6824054812487117,0.8794737864780848,0.0,3.596241302374993,2.949873507897018,3.0567610366784312,3.4844656413859036,3.923767636782018,2.5481135837769444,4.41858965903667,2.745814046276541,4.599910612399569,3.020844093345561,6.699446372271451,2.6450402591894475,3.203373351250147,3.4542979318681892,3.176527436649037,1.542825144931611,1.2339052518666977,2.226657299810126,0.9432999803078751,2.6286470349920013,1.01528244397674,2.193277032474592,1.0993162753254144,2.265922753995375,2.170888096482546,1.6178461174970211,0.0023414317209912733,1.258130279144176,1.4137368799763805,1.0106215303990473,2.7308532808564054,4.419761224120327,2.2246465783806406,0.6678944450850437,1.199935460000806,2.434919913245449,2.543733687270471,2.946521192144366
31,3.360978658741847,2.4392138589060037,2.594261727390037,2.6234742032121385,4.162453688701013,2.1057762531802804,3.0517475991077565,3.104954778514039,2.213204902095081,2.4259093922435286,5.6469037403191304,5.684752744366851,5.806683381765558,2.588125501865654,5.877162895248989,1.4126361614798333,2.061764730109369,3.0186615985278804,2.026248999073401,1.1836389663304525,4.14776803370825,3.8306477085538226,2.013429420323704,2.9145948589415602,2.2169483774181664,3.793859712226586,2.7481837968767735,3.7093217127466125,3.968402030068064,4.144425314177846,3.596241302374993,0.0,0.8689537416111023,1.792066764257187,1.6238667333881436,2.0573038327551534,4.240419219530191,1.149816470711417,1.7814545166202866,2.2529480770009855,4.094196104811593,5.855771066909023,1.215744562721062,2.2485307337713993,2.50840248802418,5.146563890161378,3.697324147401107,3.300363341288445,3.960564798552979,2.809933406373755,1.7957288514483953,3.4131879818137367,3.2325056538891292,3.7560664931465024,3.362931906426404,3.222389844476689,3.5466645351134947,3.5981654689210827,2.65615014533014,3.7086307992182648,3.4158243023280934,2.955743795845601,1.1502554666946527,3.965975018860826,2.9283521763963605,3.0188639524201606,3.330115725928428,4.231380071862012,0.8712245173970474
32,2.4937393159464034,1.570302174783295,1.725388639016505,1.7735141718171044,3.29988672087164,1.3500035312314573,2.183099206338755,2.3543451963971003,2.297265115140188,1.5672810476932915,4.778751219713309,4.8176735751509865,4.941482074634335,1.7612624320265644,5.361322257783821,0.7240792352595783,1.194510858131327,2.1749782776647058,1.3591652769900862,0.39001199510326656,3.2913496416761676,2.961702653529888,1.4179677421814116,2.113478828445602,1.4077440014399087,3.0130711848863347,1.932472938273416,2.877916738649836,3.123642099704402,3.392001407416376,2.949873507897018,0.8689537416111023,0.0,1.0298078273973956,1.0509969838595359,1.5831315402958037,3.3714782507029613,1.4711428573348,1.914463913752098,2.0304192310494797,3.237657350921765,6.381231865621486,0.3585055490693042,1.5005636292288773,1.7992494997331892,4.987790421995851,3.3696424156056137,2.9209885736890815,3.0933896769180085,2.0799290407999123,1.873626631096939,2.9788759760690366,2.3635534653190935,3.321915832723359,2.494075434993852,2.353475496354167,2.698426596951772,2.951530302710665,1.875142668680873,2.8772263555018918,2.9803687864533903,2.1091607136906987,1.4722778417590583,3.0988773356317005,2.295119761351141,2.2134399783766985,2.463826660059578,3.362438474966385,0.003352324971153725
33,1.875670734263995,0.9895119701418947,1.1085923602560253,0.9336221865007641,2.4738279192827157,1.4934990451566252,1.552201582588467,2.2942592429546718,2.1324437957802007,0.8120792856334055,4.063993193328791,4.122345394583196,4.268701381961914,0.831729069637531,4.396858846308602,1.3000817735987655,0.6696967086808652,1.796867693283496,0.4086133314551526,0.6417222339406441,2.428282852023683,2.256961487873601,0.5677287706768592,1.9334473016848612,1.3621359340628367,2.7989232798564485,1.7278017184395156,2.4904196275096555,2.6534330635678303,3.230467025093709,3.0567610366784312,1.792066764257187,1.0298078273973956,0.0,0.4698197204079284,0.8717369503369023,2.6528909715479965,1.7945906114957986,2.8576048532291503,1.5450007495978944,2.3760626214748104,7.395099224780432,0.8820531152287443,0.4708976302876633,0.7750332159144305,5.616661707789254,3.8934090711475977,3.41771701779189,2.4416719206243407,2.113577328007467,2.796682675989825,3.4060179013343643,1.6901884666247013,3.7248718503391736,1.794184038350048,1.6889869591559024,2.2379624356037575,3.0577655256475897,1.8054928162566906,2.4897848791129666,3.405973460488954,1.2322927425493413,1.7959846619462538,2.4483019466860823,2.498353904616077,2.0026086741394304,1.703079489330006,2.644003448282223,1.0295902017955376
34,2.33332044908458,1.4592146233948453,1.5759467950676884,1.3647739209270178,2.8664349122729225,1.8818462581208626,2.01218013891681,2.740380659914499,1.6661492503936162,1.2708830011521064,4.482791045382736,4.546394989694929,4.697984845747082,1.223951726808525,4.321725115817206,1.5468651532268771,1.1313643536928204,2.2659235978178827,0.42892951116417255,0.7031095235689842,2.803188102510073,2.6936508427947543,0.3909549725904324,2.3898340325732614,1.784640718223142,3.264123904073131,2.184080987678495,2.9601851585512424,3.120173342719988,3.6934923386757847,3.4844656413859036,1.6238667333881436,1.0509969838595359,0.4698197204079284,0.0,0.5417570860252471,3.081358205863316,1.3805365138623689,2.9644162711165305,1.1265511016322225,2.752656658587721,7.400601291332661,1.0637145226599491,0.7321878876275845,0.9161072334687796,5.914778578645026,4.222995437166456,3.7525694115786905,2.887849342616564,2.54256493125019,2.9202363449539273,3.7622837101072357,2.141671603226959,4.090720121052153,2.2387497786084016,2.1420312238327357,2.70645743292208,3.4855941824837338,2.2454627213423617,2.9595511290227403,3.762689955266215,1.6324672407992298,1.3819184061279826,2.8946355221414346,2.9005250790303365,2.4628008933677665,2.134003080625969,3.072607369773106,1.0522713187897834
35,2.5463688798547586,1.7777308866731423,1.862770074787283,1.5512462310862454,2.900575205636908,2.3621597788783086,2.24418399492464,3.1499073293626547,1.4099382186731204,1.5349545854056603,4.546286730612626,4.622089339329199,4.785736568015261,1.356616699988369,3.8277239558564733,2.081791208424214,1.520563216535637,2.592392103801756,0.530208730680472,1.2447572337190158,2.8063870931551205,2.830680172680235,0.3278794531880721,2.7766705204232554,2.2331402599286125,3.6113446575545574,2.5727698404132098,3.250377565278514,3.367417197539103,4.04943491648596,3.923767636782018,2.0573038327551534,1.5831315402958037,0.8717369503369023,0.5417570860252471,0.0,3.1884361442882176,1.5148017527464066,3.497359528427942,0.7042299404206376,2.7603540433113647,7.889663220555197,1.6033672675797024,0.8310568538560286,0.808161789477453,6.445116872323888,4.7411713092927945,4.267982730766558,3.0480241300159596,2.981423626326027,3.4562220662993255,4.266724388278673,2.3381086032769174,4.589561969010607,2.4107001771190397,2.3436796133785793,2.9757707291875555,3.9247162439444914,2.668338110253186,3.2497909197234214,4.266870408643905,1.73689566312137,1.516027018869552,3.0551653863889383,3.370022379329803,2.8372112745374025,2.273913122180176,3.1802038298499373,1.5846444977019722
36,0.8988922977776406,1.8016704922939333,1.6470068601332055,1.720507777885843,0.4799713298170623,2.439629657672975,1.190354060418674,1.971003470057224,4.5973099857404325,1.8607489298770434,1.4166789381060276,1.4699319107177062,1.616871050357843,1.8633469804955458,4.553299119596029,3.014649146666811,2.184162323986402,1.4146244390488554,2.7248290528382277,3.1006470379646256,0.6607051558542518,0.40978767203091865,2.9032892383808258,1.7594316013218625,2.20722696491697,1.6412686362351991,1.7846256542161136,1.1363462050865774,0.8805033485021847,1.929845990520825,2.5481135837769444,4.240419219530191,3.3714782507029613,2.6528909715479965,3.081358205863316,3.1884361442882176,0.0,4.446951955670788,4.449288713652222,3.8475989349154993,0.6621707421498887,8.931126392448864,3.0306257334112665,2.3887918078922294,2.3940823266589533,5.720844310794894,4.066097474429366,3.682077142281973,0.35102106208570916,2.1724284337869157,4.340870066324795,3.5052331905885374,1.007983977648076,3.644776515370879,0.8800350183833759,1.018102585446291,0.9988006703166645,2.546935715667916,2.0104607596235633,1.136567959973768,3.501463264472931,1.4600683175887155,4.448345986981753,0.3499160397878157,2.5803956447263228,1.674963755000937,0.9498490529920053,0.009053826579596106,3.3691968958963576
37,3.6568081176212597,2.7335142664714036,2.8715984553482814,2.726579306667766,4.246476225877585,2.8011882523482874,3.3314049583345473,3.789725199342304,1.0870415181343922,2.600054324979003,5.855559989252725,5.9157916541406586,6.063167174128649,2.601208722729959,5.087542418955396,2.1940551416764964,2.356694832717853,3.484089399367655,1.786883083831784,1.491604416457914,4.183384111946488,4.051483322119022,1.6613874271852025,3.50663012698403,2.8147335805839426,4.412403684305211,3.3104844662143873,4.197820043586962,4.399322349558739,4.813589631571346,4.41858965903667,1.149816470711417,1.4711428573348,1.7945906114957986,1.3805365138623689,1.5148017527464066,4.446951955670788,0.0,2.9306661778940493,1.3560812530613617,4.132998796101219,6.815584093775121,1.7799641921196556,2.1097068151767675,2.243438306890126,6.272877817914034,4.757206094712737,4.331358880251163,4.233055165130664,3.530676516864399,2.9415089102853633,4.413201315985103,3.4795399917592156,4.758227791086234,3.5873254837983413,3.4769405322787015,3.9739092749094764,4.4202071454474545,3.296115950799483,4.197147973458059,4.415142559887061,3.0095063331477045,0.0013941025785588152,4.239580345194836,3.766089568897743,3.5981726445964948,3.497121616085944,4.438086853981897,1.4744874574837352
38,3.578668998197947,2.9072481575422695,3.0363636746726614,3.295945962215679,4.5647416131720195,2.0225282415030827,3.3643304101785994,2.6735224910778523,3.9781261048756056,3.064629452220414,5.705998677932616,5.705239230950108,5.776817391145205,3.3820864308942595,7.2509555772009735,1.6331246528326415,2.6736174211591472,3.0354079040019823,3.2365497744274414,2.274497318896808,4.621004393872497,4.078288386693976,3.32121574036431,2.725595664857515,2.2734957017283857,3.353872036033772,2.6672991353647646,3.5320141042509934,3.8493079661996217,3.5470836628978852,2.745814046276541,1.7814545166202866,1.914463913752098,2.8576048532291503,2.9644162711165305,3.497359528427942,4.449288713652222,2.9306661778940493,0.0,3.8920290139554043,4.5700241204411585,4.604141992588371,1.9756275223625903,3.302030653160239,3.6233718635847474,3.409953029412245,2.1859622045268754,1.919632643695922,4.106828129657211,2.3836122375024154,0.11839410326784496,2.1145914523311604,3.5530191245790936,2.41104468618408,3.6901323833421964,3.5337247623398,3.5091011368295333,2.748143081318356,2.4533772916768672,3.531415496461701,2.118976278323321,3.6092753291568047,2.9311380274511154,4.109622805921615,2.1861435127020714,2.825358976092405,3.7485251516062505,4.441206478304885,1.9130264227316904
39,3.242112540682657,2.4804098276423145,2.566987386213371,2.24940775014916,3.5282088062038484,3.0079396170571164,2.9442316804393367,3.8382102740199957,0.7864327569827648,2.2391669623088934,5.174465672823058,5.256429088298772,5.4255123751897045,2.048340750160595,3.731716380751092,2.6394832096445953,2.209148428719574,3.295836288188172,1.233740687244429,1.7682659883519039,3.4181987940686085,3.504309868424436,1.031130961460097,3.47115847118864,2.9014200006711226,4.3139194191403485,3.2663129788940584,3.9540863291145105,4.066509748850781,4.75130769703669,4.599910612399569,2.2529480770009855,2.0304192310494797,1.5450007495978944,1.1265511016322225,0.7042299404206376,3.8475989349154993,1.3560812530613617,3.8920290139554043,0.0,3.3755670375235476,8.092769255194359,2.146776079666909,1.530471677315969,1.4544255114958555,7.000923368573484,5.3329449188277,4.866165186985488,3.7277104307984974,3.6566406098505326,3.868786919315468,4.8836942343888925,3.0317265316722435,5.214310511931003,3.098200895078863,3.038302955370669,3.6782427724120077,4.600957293607983,3.3504862199595893,3.9535024586621907,4.884231396566003,2.4139744895155326,1.3568572698767716,3.7349186061149804,4.025635713687785,3.5346949370764693,2.9538047116041644,3.8396536463796362,2.0327587966145653
40,1.0538743182442953,1.7149928269458539,1.5669398894514375,1.4723839510058256,0.1877310503588507,2.554249372763221,1.2077245470219546,2.336852878904291,4.148315614217684,1.670381071465758,1.8004088472915367,1.8868483337496216,2.061854076903671,1.5447669948234322,3.905236064571199,3.0193839572892265,2.054207374207686,1.6420213617617987,2.3546633603409592,2.9155314404185377,0.05372716337371475,0.6647383545828608,2.5095691952630528,2.037431213886868,2.298268185684332,2.1670427821485725,1.9957068640580578,1.6294272994040648,1.4473723466906072,2.5101116285074343,3.020844093345561,4.094196104811593,3.237657350921765,2.3760626214748104,2.752656658587721,2.7603540433113647,0.6621707421498887,4.132998796101219,4.5700241204411585,3.3755670375235476,0.0,9.135093006195419,2.9271050365534372,2.0246618505829304,1.9522537277682537,6.190527415871557,4.48440354239512,4.0669679646226236,0.8421882573715771,2.4722249026639247,4.469681888456295,3.9147138383446203,1.0234420167584453,4.094935738316472,0.891289151758071,1.044323303312731,1.4032487437652919,3.0200196096370426,2.238079623193622,1.6294274893283194,3.9114982410477466,1.147413302548042,4.134378029016486,0.8467787747376576,2.928125526599057,1.9783341548896844,0.823167932847886,0.6590660689332652,3.2358999765509058
41,8.107841119361595,7.507102716350774,7.631650721211098,7.900055780424958,9.110541074112508,6.584326034419869,7.928649784845488,6.99772374804758,7.874883834716179,7.668695783180196,10.042887727503079,10.01622675269385,10.047716076416112,7.981828251059814,11.716791868553102,6.234088065398996,7.2762882241361675,7.533080262817394,7.740271458835798,6.768966102511964,9.184270697830515,8.592706008573813,7.785322266484594,7.171804868453167,6.843352864187842,7.555809434272281,7.163977431686238,7.889099332122317,8.208064674394441,7.576985453250659,6.699446372271451,5.855771066909023,6.381231865621486,7.395099224780432,7.400601291332661,7.889663220555197,8.931126392448864,6.815584093775121,4.604141992588371,8.092769255194359,9.135093006195419,0.0,6.529368395839647,7.857759990571009,8.170125478196582,4.626894255099675,5.284545307626696,5.472635071831255,8.580475965922929,6.763851430749535,4.692468288654479,5.705127204931987,8.111673265232016,5.76246539980534,8.245090236088384,8.090926846248308,7.942812966829698,6.701550382063597,6.928588102208577,7.888620934635533,5.710217992716485,8.212504424616577,6.815286647137131,8.581993210985994,6.402160961018464,7.257012415682151,8.322124175671359,8.923836276779598,6.380820734343939
42,2.1463580462193796,1.2346621630631152,1.3898046296188962,1.4819934211286045,2.9795471868784644,1.0212288914364873,1.8404032345832555,2.0159464063829433,2.51507021251806,1.263671908011154,4.433015336768463,4.469614037007478,4.590944526366336,1.500978083797982,5.277889917975236,0.4929690814122074,0.87297389119973,1.8165469547820274,1.2686043682090618,0.37901658347229095,2.980819590984668,2.621255059732479,1.3754212929856182,1.7609537108331736,1.0560373288149778,2.6634704062408647,1.5770424614874334,2.519619441540591,2.7654152916801924,3.0491202867282667,2.6450402591894475,1.215744562721062,0.3585055490693042,0.8820531152287443,1.0637145226599491,1.6033672675797024,3.0306257334112665,1.7799641921196556,1.9756275223625903,2.146776079666909,2.9271050365534372,6.529368395839647,0.0,1.331553632000807,1.6500045425598648,4.858410987065516,3.189204271471357,2.726460350329551,2.7457137353627266,1.751115815497392,1.9150325239423458,2.759990409198583,2.02409210014915,3.098019737870152,2.156936344411219,2.0129307866892225,2.3404997604002395,2.646581670095703,1.5295389669936643,2.518929217916184,2.760975962531759,1.818610959929041,1.781182880527775,2.7510559636325103,2.003120579776533,1.859636254417792,2.137444239579642,3.021608992241668,0.3556065497417591
43,1.7154805305090364,0.9894821557360645,1.052141108087147,0.7201897312211489,2.1445326736272543,1.7569544486819915,1.4138910328733405,2.4040167609311034,2.2314567739069786,0.7240813597313484,3.774314609523319,3.842860583219055,3.999928857424765,0.5313144223068718,3.9729891187161313,1.7057055545376987,0.8301392725813003,1.788575725688691,0.33630717671476434,1.1125758583716758,2.0745918097028437,2.0167543784760498,0.520068438893865,2.014428456285909,1.571083939525976,2.8095391475553613,1.8169565610200076,2.426883424298789,2.5367363612243277,3.2501236034295586,3.203373351250147,2.2485307337713993,1.5005636292288773,0.4708976302876633,0.7321878876275845,0.8310568538560286,2.3887918078922294,2.1097068151767675,3.302030653160239,1.530471677315969,2.0246618505829304,7.857759990571009,1.331553632000807,0.0,0.32473821638598127,5.9316832868496885,4.185390506006876,3.708093052915025,2.2272653606323987,2.2762889860355275,3.235756532504386,3.6706916561575267,1.508041652253967,3.9736010220954614,1.5846648591874426,1.5131831911989722,2.1484355535251494,3.2040658921660685,1.94933767649406,2.426311808234676,3.6700669929718215,0.9287337505280012,2.1110804963606626,2.2343268316246556,2.7073028186741572,2.0627185867996425,1.456055616183906,2.3802785622308327,1.500313207924433
44,1.8212726788451485,1.225020113131915,1.256321432860935,0.8652450765748501,2.093051094309384,2.060264377504454,1.5476656071976622,2.645818420688359,2.207128746229112,0.9444362326200586,3.739555115998211,3.8167204364725373,3.9820405681573394,0.6443481327981162,3.648275177151034,2.030438337784484,1.1288697192507755,1.9848222218229612,0.48904336504199847,1.4092630879954502,1.9984597667614954,2.0512431886865796,0.5821241350143143,2.2491364091239836,1.861620706768716,2.9974472222817266,2.059110602728175,2.577670114233178,2.6517409230867726,3.438442531431085,3.4542979318681892,2.50840248802418,1.7992494997331892,0.7750332159144305,0.9161072334687796,0.808161789477453,2.3940823266589533,2.243438306890126,3.6233718635847474,1.4544255114958555,1.9522537277682537,8.170125478196582,1.6500045425598648,0.32473821638598127,0.0,6.238370432402156,4.487111480059252,4.010218866596471,2.27746686368952,2.5415702673380145,3.558311873443362,3.9648712216767623,1.6066265667106616,4.261576602610614,1.6590454082930934,1.6161522181085097,2.2887234907268437,3.454850562340066,2.2115270177405817,2.577146892486396,3.9640578694108783,0.9667605919056309,2.244767032265293,2.2847088466931815,2.9862776592446942,2.2869030513065947,1.5058917628282922,2.3860659749135618,1.799258307834176
45,5.181523337068053,5.098226302813044,5.142541340454444,5.548483463803694,6.083287253864803,4.178250894402536,5.178834178490034,3.87976081335163,7.256878994599071,5.366183023963198,6.3882092217763775,6.320985908155003,6.287149206720396,5.733851923471868,9.773753767395247,4.368868007944323,5.109673775145146,4.63389745766323,6.02351320009233,5.234787622608563,6.224282653866548,5.53078430924818,6.177387419770993,4.23937560898698,4.3889837444331485,4.0829945729512245,4.3603063019785395,4.589776061304065,4.846411693636262,3.8751585314371004,3.176527436649037,5.146563890161378,4.987790421995851,5.616661707789254,5.914778578645026,6.445116872323888,5.720844310794894,6.272877817914034,3.409953029412245,7.000923368573484,6.190527415871557,4.626894255099675,4.858410987065516,5.9316832868496885,6.238370432402156,0.0,1.7632659486658286,2.2346014158772047,5.40305491407043,3.828394625108022,3.369499778449834,2.3203326109447326,5.299973921373099,2.0976354139975295,5.392390598378279,5.276722218765386,4.788349798193287,3.177555502972495,4.140444925448227,4.589626192814869,2.32243379587271,5.73693989520932,6.273549920788589,5.400979855784283,3.34586539969804,4.2671906433749305,5.54636338032824,5.716783333676906,4.985110153421379
46,3.4533703033731573,3.335471745246315,3.3793985605344377,3.7853508500224304,4.39149801173889,2.4284621196063303,3.4288597075912133,2.1503076007346626,5.666678633914774,3.604648899021284,4.916200534961046,4.868508460118258,4.869591640678422,3.971882850463477,8.0107787066946,2.6965457307864513,3.358640047912171,2.89062258669355,4.296299084537996,3.568139850917352,4.5216039333411935,3.835259268562951,4.45934601095446,2.4917017675261457,2.6307076177483992,2.469322494271537,2.6029271003724164,2.931014323100992,3.216196471567,2.370277969874955,1.542825144931611,3.697324147401107,3.3696424156056137,3.8934090711475977,4.222995437166456,4.7411713092927945,4.066097474429366,4.757206094712737,2.1859622045268754,5.3329449188277,4.48440354239512,5.284545307626696,3.189204271471357,4.185390506006876,4.487111480059252,1.7632659486658286,0.0,0.477346769465034,3.7320908613768875,2.0723228702721097,2.0997634424254694,0.5705301652346649,3.558372244544551,0.48166109682099945,3.657553726056564,3.535031077907137,3.0955393298719107,1.5444307249373046,2.3794931394410144,2.9307568210818804,0.5735163797490952,3.9756417463570535,4.758069845418976,3.7309077380143125,1.5901528880005955,2.527729262486739,3.8044902766601085,4.0610507222150884,3.366658522226163
47,3.0247868165311207,2.86431045543077,2.912417746697856,3.3153366304521215,3.98345911908109,1.951196535231204,2.9813126744318352,1.7312796428368626,5.217525443891693,3.1315872954427357,4.616797952009533,4.578367195880481,4.594870622137662,3.4993192179816903,7.543450949819494,2.235066138285356,2.881605761845106,2.451698120507157,3.8199627788684447,3.1048456159049977,4.106221414691907,3.427762892653968,3.9841068165607845,2.0504120020766052,2.1553089111909305,2.1338305511810867,2.149008234567392,2.5562510797761258,2.855426813815235,2.1061818657561457,1.2339052518666977,3.300363341288445,2.9209885736890815,3.41771701779189,3.7525694115786905,4.267982730766558,3.682077142281973,4.331358880251163,1.919632643695922,4.866165186985488,4.0669679646226236,5.472635071831255,2.726460350329551,3.708093052915025,4.010218866596471,2.2346014158772047,0.477346769465034,0.0,3.3408889234811516,1.622789505360006,1.8192879107466087,0.24103179744172948,3.11827158876815,0.4917081689753004,3.222785530234427,3.094929537763427,2.6955534000689862,1.2359004834350413,1.9201292258316656,2.5559259028277808,0.24630706899075525,3.513272332954157,4.332273639845221,3.3402663790599423,1.1455614704787207,2.094813935888752,3.363403611135314,3.676493820207132,2.9179293620080595
48,0.5996521697450211,1.5344736707337374,1.3834005343700089,1.5253104946284024,0.6970264067887308,2.104699077010289,0.91652644090237,1.623463654420219,4.456419489695879,1.6330218641992005,1.6882631348010242,1.724288644104372,1.8514200257659232,1.6959563606703651,4.735868929743289,2.6988911376671463,1.9219585559617811,1.0715990924764265,2.5589512511138994,2.8438448022080864,0.8615189625430638,0.24262247045578827,2.74718683659572,1.409075144893474,1.8789638211977935,1.3397469905759516,1.4399188002805718,0.8137343448371926,0.6051965967762246,1.6684402163445198,2.226657299810126,3.960564798552979,3.0933896769180085,2.4416719206243407,2.887849342616564,3.0480241300159596,0.35102106208570916,4.233055165130664,4.106828129657211,3.7277104307984974,0.8421882573715771,8.580475965922929,2.7457137353627266,2.2272653606323987,2.27746686368952,5.40305491407043,3.7320908613768875,3.3408889234811516,0.0,1.8214538085211656,3.997579531436401,3.168454904005038,0.7541133349846145,3.3185223683528244,0.6491108260279681,0.7581571171188198,0.6500483877253997,2.225601381803094,1.6626618355199216,0.8138599564933889,3.1647964998500933,1.313781753749376,4.234447232719399,0.007281354551231068,2.2324847160567964,1.324001917569543,0.774390218972826,0.34402545337514334,3.0909505246705575
49,1.4193907466177356,1.3252884324940524,1.3381172810166049,1.7559029179872168,2.407658691725381,0.7307387247003923,1.3586214165000965,0.3084374415255827,4.179324827739924,1.6066879950411723,3.3345041485373024,3.327852592752359,3.3944326952383226,1.9603225979470453,5.953210174413933,1.400561177926937,1.4673342616995146,0.8351629332445327,2.4714913204691937,2.062819284694055,2.514842166797379,1.861624883304731,2.662924509571376,0.4350500735108011,0.758259359917238,1.0195493840973286,0.5320831928238977,1.1535473678397694,1.4738229414794088,1.3353799030699847,0.9432999803078751,2.809933406373755,2.0799290407999123,2.113577328007467,2.54256493125019,2.981423626326027,2.1724284337869157,3.530676516864399,2.3836122375024154,3.6566406098505326,2.4722249026639247,6.763851430749535,1.751115815497392,2.2762889860355275,2.5415702673380145,3.828394625108022,2.0723228702721097,1.622789505360006,1.8214538085211656,0.0,2.2677286584038607,1.5081508291715866,1.4977717574942955,1.7606696443418268,1.607026590445202,1.4744742202115455,1.179062158557318,0.9443336085833031,0.33080937858459947,1.1529773868512014,1.5059950957427135,1.9127627250907078,3.531905155315887,1.8225190316014084,0.48262383250066443,0.5010178440743329,1.7419380419888162,2.165479044751135,2.0766142762375845
50,3.473203696179585,2.815245857412356,2.9421649302789987,3.2097562754661326,4.461876100945087,1.918963201341882,3.26302058841451,2.556699149894847,3.978284803061721,2.9787882435754347,5.59225061850679,5.590794044830597,5.66148939766698,3.301078204775521,7.1928838924384655,1.5538467636840279,2.590696517114565,2.9265127812583662,3.180631446424091,2.225204256122182,4.520423559239765,3.971957518327485,3.271245176468277,2.6129710583114254,2.1718470519493667,3.23597826827266,2.5577238705389482,3.4170904882164774,3.7347755153444964,3.4287270258250735,2.6286470349920013,1.7957288514483953,1.873626631096939,2.796682675989825,2.9202363449539273,3.4562220662993255,4.340870066324795,2.9415089102853633,0.11839410326784496,3.868786919315468,4.469681888456295,4.692468288654479,1.9150325239423458,3.235756532504386,3.558311873443362,3.369499778449834,2.0997634424254694,1.8192879107466087,3.997579531436401,2.2677286584038607,0.0,2.009891828410531,3.451027101534055,2.3109906958573365,3.5877476641430475,3.431509852680217,3.3970264557777807,2.6309745018935717,2.34188702035734,3.4164947319070156,2.014196647445561,3.520113566747597,2.9420330388088654,4.000298493218387,2.0677533500177887,2.7122002990581224,3.649096617399056,4.332832557016259,1.8720139729273393
51,2.882847826265756,2.7916175452706105,2.827774695733952,3.238206216108658,3.8234744145825297,1.9195250365032377,2.861684736239251,1.5798554116197536,5.267863169646506,3.0651041553678926,4.402755386489882,4.361482214119807,4.3737387771211065,3.4302647776629898,7.45642989148015,2.274618481511207,2.8407287593993145,2.321332021055191,3.802576871867024,3.1353299545756697,3.9522222561052205,3.2671612908534082,3.973743519697279,1.923327976818138,2.1032645995944943,1.929704556494804,2.0399855311287536,2.372739047382766,2.6646042549027875,1.8790709551128348,1.01528244397674,3.4131879818137367,2.9788759760690366,3.4060179013343643,3.7622837101072357,4.266724388278673,3.5052331905885374,4.413201315985103,2.1145914523311604,4.8836942343888925,3.9147138383446203,5.705127204931987,2.759990409198583,3.6706916561575267,3.9648712216767623,2.3203326109447326,0.5705301652346649,0.24103179744172948,3.168454904005038,1.5081508291715866,2.009891828410531,0.0,2.989001276957593,0.3451368048103161,3.087358142835422,2.9656690414458104,2.528822784255461,1.0171587526880566,1.8213998486677834,2.372453215112275,0.005275313664829603,3.4175158270992068,4.4141693711345615,3.167458173023247,1.0255629229539556,1.9576770647675552,3.2352363794025494,3.499981121331803,2.9757176839545503
52,0.21547844288445528,0.7937411941119459,0.639307287873306,0.7905085176324149,1.0130037001024796,1.5329869412073527,0.19220651264116245,1.422306566641198,3.737905103010931,0.879631605592065,2.4198179511751667,2.4651878268870666,2.599835947173043,0.9833874933626781,4.545610108033915,2.038743983442513,1.1776133771937387,0.6677528822442769,1.8318783363010653,2.097170407390908,1.0726838840518065,0.5981975242528663,2.026276946821196,1.0680097406005702,1.2795249845958994,1.4990554741583777,0.9905880174405864,1.0080668559743557,1.0454858980693813,1.924148180251246,2.193277032474592,3.2325056538891292,2.3635534653190935,1.6901884666247013,2.141671603226959,2.3381086032769174,1.007983977648076,3.4795399917592156,3.5530191245790936,3.0317265316722435,1.0234420167584453,8.111673265232016,2.02409210014915,1.508041652253967,1.6066265667106616,5.299973921373099,3.558372244544551,3.11827158876815,0.7541133349846145,1.4977717574942955,3.451027101534055,2.989001276957593,0.0,3.20705937182662,0.13891440843126165,0.023350668335785692,0.7113439490936613,2.1929846228816605,1.2329593414748967,1.007651114116538,2.9863453931692483,0.6570253893836252,3.480931427850233,0.7605241863518819,1.9729414351015224,1.032830812973845,0.24640978397422297,0.9989400563200869,2.3612820206547314
53,3.0844477780350106,3.070807822943067,3.0961040003794107,3.5114383569271674,3.9916039951443345,2.232949663520382,3.092640370978102,1.7849461740583215,5.608562496119273,3.3482200954531995,4.4476572957053415,4.397356052564666,4.39473523967428,3.709825805607111,7.711901838114631,2.6148476222056853,3.1437944795134665,2.5435483258990756,4.117584846749323,3.472022204812866,4.129521185400498,3.437335983761309,4.2923243511219775,2.1545451798860733,2.402606846716114,2.024951221488323,2.290328440496491,2.508781111156288,2.7817117590445113,1.8982104948662406,1.0993162753254144,3.7560664931465024,3.321915832723359,3.7248718503391736,4.090720121052153,4.589561969010607,3.644776515370879,4.758227791086234,2.41104468618408,5.214310511931003,4.094935738316472,5.76246539980534,3.098019737870152,3.9736010220954614,4.261576602610614,2.0976354139975295,0.48166109682099945,0.4917081689753004,3.3185223683528244,1.7606696443418268,2.3109906958573365,0.3451368048103161,3.20705937182662,0.0,3.2965984360165135,3.1838952125866573,2.694654778512146,1.1006605453735339,2.0849746715263686,2.5085793384916677,0.34310448472910415,3.6720593882576407,4.759197746354666,3.3168391631268475,1.2859480465821327,2.1756184662445355,3.453213683981626,3.640195754326192,3.318744170840704
54,0.22518796680461955,0.9238286623301933,0.7686880440470838,0.8767785581945458,0.875014635532268,1.6691705040355624,0.33110126868439727,1.5126692430247353,3.8160108638874783,0.9890615536537203,2.295351695252222,2.3438607139368677,2.4822801206324736,1.054462060111272,4.483697316606117,2.17739691421478,1.304373308198985,0.7721668238133584,1.9138524781771398,2.2208654132626267,0.9395812756576615,0.47159441012550424,2.104634946893062,1.1737102298707236,1.4167760729272385,1.5304010482929598,1.1106276813469897,1.01746187169201,1.0113915467314336,1.9447285035280855,2.265922753995375,3.362931906426404,2.494075434993852,1.794184038350048,2.2387497786084016,2.4107001771190397,0.8800350183833759,3.5873254837983413,3.6901323833421964,3.098200895078863,0.891289151758071,8.245090236088384,2.156936344411219,1.5846648591874426,1.6590454082930934,5.392390598378279,3.657553726056564,3.222785530234427,0.6491108260279681,1.607026590445202,3.5877476641430475,3.087358142835422,0.13891440843126165,3.2965984360165135,0.0,0.15665684294966484,0.7244885587481991,2.265507364537039,1.353481542522235,1.0171254274992623,3.084556301796471,0.6942246248229916,3.588718629116988,0.6559145946968435,2.077371544681215,1.1299094440031443,0.18519415887956062,0.8709817325195756,2.4918526650439223
55,0.2051542247447645,0.7844646195736763,0.630588802882781,0.7945138819783625,1.0316412080086848,1.5131714819369042,0.17642352586864682,1.3991826129042702,3.742131955650908,0.877627996342979,2.4282031041036545,2.4725274648631004,2.6059934689315436,0.9901693649474342,4.567674130507326,2.022958045672961,1.169480143219364,0.64441016327526,1.8357401798108333,2.0898830345850348,1.0933460613424788,0.6084373314096755,2.030805023410647,1.0446612377062428,1.260291195527476,1.4802143576504432,0.9677096899831397,0.9921275487712028,1.0355888581578534,1.9063014977033732,2.170888096482546,3.222389844476689,2.353475496354167,1.6889869591559024,2.1420312238327357,2.3436796133785793,1.018102585446291,3.4769405322787015,3.5337247623398,3.038302955370669,1.044323303312731,8.090926846248308,2.0129307866892225,1.5131831911989722,1.6161522181085097,5.276722218765386,3.535031077907137,3.094929537763427,0.7581571171188198,1.4744742202115455,3.431509852680217,2.9656690414458104,0.023350668335785692,3.1838952125866573,0.15665684294966484,0.0,0.6954868759489324,2.170602762555075,1.2101462987090592,0.9917024460347127,2.9630146059073925,0.6703033681118387,3.478331362549604,0.7644604281708608,1.949594504124955,1.009562958776654,0.26969432673140975,1.0090694660487776,2.3511821180466486
56,0.5054916450248713,1.2511791552445206,1.1310954250220642,1.4347924853626595,1.2974794605625501,1.5529404517194667,0.7413342501970543,0.9735257378395158,4.350525532833334,1.4485711923905378,2.2059163867053146,2.2161284804899797,2.309328339832127,1.648345710525876,5.187607815363925,2.202844079416298,1.6177518187979487,0.5300109767245126,2.4524653424843894,2.5113638214837075,1.4360482533354297,0.7426964403683188,2.6533305121211335,0.7850693354405974,1.3607057381593102,0.8104410130291823,0.8597920859252551,0.2967246169174371,0.42768733022911637,1.220265629600594,1.6178461174970211,3.5466645351134947,2.698426596951772,2.2379624356037575,2.70645743292208,2.9757707291875555,0.9988006703166645,3.9739092749094764,3.5091011368295333,3.6782427724120077,1.4032487437652919,7.942812966829698,2.3404997604002395,2.1484355535251494,2.2887234907268437,4.788349798193287,3.0955393298719107,2.6955534000689862,0.6500483877253997,1.179062158557318,3.3970264557777807,2.528822784255461,0.7113439490936613,2.694654778512146,0.7244885587481991,0.6954868759489324,0.0,1.6170486887335862,1.0563357865011698,0.29631081650256713,2.525323751233452,1.3635331558728614,3.975275728062327,0.6502455251745425,1.5824384510982932,0.690429898616321,0.9094841519776312,0.9923285205742544,2.6956170129624897
57,2.0447796521373927,2.22985474686475,2.2145506209442507,2.632068282673494,2.9072526495126536,1.635927092047609,2.1075266722341626,0.8144170114829953,5.114155433524494,2.511075917351199,3.385654955251871,3.3445255816797803,3.3590262990405813,2.8472684841475777,6.736974424250314,2.236850533948823,2.4074696192372964,1.5576298648261526,3.4118866279675224,2.9806367389966977,3.0518539185173994,2.3571924167736524,3.6049423740569737,1.2149854659024815,1.701021159003803,0.9259887495201584,1.3964802756431154,1.4128015275723615,1.681074525395258,0.8773030878771564,0.0023414317209912733,3.5981654689210827,2.951530302710665,3.0577655256475897,3.4855941824837338,3.9247162439444914,2.546935715667916,4.4202071454474545,2.748143081318356,4.600957293607983,3.0200196096370426,6.701550382063597,2.646581670095703,3.2040658921660685,3.454850562340066,3.177555502972495,1.5444307249373046,1.2359004834350413,2.225601381803094,0.9443336085833031,2.6309745018935717,1.0171587526880566,2.1929846228816605,1.1006605453735339,2.265507364537039,2.170602762555075,1.6170486887335862,0.0,1.2589632119586178,1.4126357128079863,1.0124944247384404,2.7309216195036417,4.42137899983737,2.2235840938104654,0.6698148889180136,1.200052053886792,2.4345789574962557,2.5425621259147624,2.948177991896239
58,1.1884983726141487,0.9945362812045859,1.0111448481410155,1.4274794188134645,2.192232357137032,0.5540524993143642,1.0761363885310942,0.5000425665711709,3.895969428695867,1.2758802861012124,3.2595521182046605,3.2651375833042326,3.3487543643287436,1.6302575649220103,5.635108717183346,1.2488049994141048,1.149043466561256,0.6050701409870072,2.1531800021802465,1.8107443290003866,2.2837246825288755,1.6643643088745919,2.3470689238420035,0.2818612321152805,0.4825166871178907,1.1405666494129016,0.24285529172360415,1.1152449037346528,1.4189122687576177,1.5198976745581927,1.258130279144176,2.65615014533014,1.875142668680873,1.8054928162566906,2.2454627213423617,2.668338110253186,2.0104607596235633,3.296115950799483,2.4533772916768672,3.3504862199595893,2.238079623193622,6.928588102208577,1.5295389669936643,1.94933767649406,2.2115270177405817,4.140444925448227,2.3794931394410144,1.9201292258316656,1.6626618355199216,0.33080937858459947,2.34188702035734,1.8213998486677834,1.2329593414748967,2.0849746715263686,1.353481542522235,1.2101462987090592,1.0563357865011698,1.2589632119586178,0.0,1.1145867486144094,1.8195561518371373,1.596496785786991,3.2973867335260674,1.6649099787370758,0.7999716388551824,0.3885956861954165,1.4706662998893782,2.0027778108646777,1.8719223958311382
59,0.8008622011459098,1.500366231355469,1.3923255173668054,1.71838560878866,1.5031101104902673,1.6524505402588872,1.0300548148659436,0.8918245141000888,4.613296911627107,1.7164965143486473,2.181771028930772,2.175254064145946,2.2461705670871868,1.934681142290158,5.460771538044992,2.331074171159636,1.8505327010040924,0.7135190576994682,2.723427107355172,2.7192187690617495,1.656546171534642,0.9658314564644785,2.9252700368047813,0.8329239331732841,1.4949759678321723,0.540346494119191,0.9664705385857949,0.0006911993823090707,0.32172204998799947,0.9300076015991965,1.4137368799763805,3.7086307992182648,2.8772263555018918,2.4897848791129666,2.9595511290227403,3.2497909197234214,1.136567959973768,4.197147973458059,3.531415496461701,3.9535024586621907,1.6294274893283194,7.888620934635533,2.518929217916184,2.426311808234676,2.577146892486396,4.589626192814869,2.9307568210818804,2.5559259028277808,0.8138599564933889,1.1529773868512014,3.4164947319070156,2.372453215112275,1.007651114116538,2.5085793384916677,1.0171254274992623,0.9917024460347127,0.29631081650256713,1.4126357128079863,1.1145867486144094,0.0,2.3685674179769642,1.6589288940293414,4.198499696335736,0.8116014290780739,1.489720036115485,0.7260029089350025,1.2023191714120458,1.1318407196087512,2.874271834702773
60,2.8799063327874226,2.790258812383087,2.8261439632152716,3.236718719496849,3.820084378374299,1.9191858290152681,2.85925667301561,1.576808095728891,5.269103522288473,3.063865706495584,4.3981120791425,4.356773340866184,4.368931280640464,3.4289479749488927,7.454621111605643,2.2757827319138237,2.8400774360106062,2.318695458231969,3.8023876266916834,3.136221998917629,3.948965877496497,3.263773301416456,3.9737012079922547,1.9208095047904528,2.102441209109564,1.9253443745771104,2.0378725312792674,2.368852302915655,2.6605325050898996,1.874146819938637,1.0106215303990473,3.4158243023280934,2.9803687864533903,3.405973460488954,3.762689955266215,4.266870408643905,3.501463264472931,4.415142559887061,2.118976278323321,4.884231396566003,3.9114982410477466,5.710217992716485,2.760975962531759,3.6700669929718215,3.9640578694108783,2.32243379587271,0.5735163797490952,0.24630706899075525,3.1647964998500933,1.5059950957427135,2.014196647445561,0.005275313664829603,2.9863453931692483,0.34310448472910415,3.084556301796471,2.9630146059073925,2.525323751233452,1.0124944247384404,1.8195561518371373,2.3685674179769642,0.0,3.415600099978297,4.416111729039865,3.1637911207257248,1.0234336666607888,1.954918552815466,3.2325938449412126,3.496218980175986,2.977208589195578
61,0.871943687069563,0.7134930620546007,0.6159628493338579,0.33681487298466867,1.2417336280793758,1.6899753291437876,0.6482997035461148,1.9232985698318579,3.14667342809705,0.5599601897013217,2.851103089686176,2.9169081790363167,3.0721790840620193,0.40855168335500053,4.040448285130613,1.991794383307424,0.9618275188879352,1.1766492845566152,1.2648520057201702,1.773398239724583,1.2002860444034167,1.0937849438548952,1.444251129718213,1.5289569130297576,1.434018301899171,2.127701523606609,1.3817627477412782,1.6593806546482508,1.69841824692369,2.5615393324975178,2.7308532808564054,2.955743795845601,2.1091607136906987,1.2322927425493413,1.6324672407992298,1.73689566312137,1.4600683175887155,3.0095063331477045,3.6092753291568047,2.4139744895155326,1.147413302548042,8.212504424616577,1.818610959929041,0.9287337505280012,0.9667605919056309,5.73693989520932,3.9756417463570535,3.513272332954157,1.313781753749376,1.9127627250907078,3.520113566747597,3.4175158270992068,0.6570253893836252,3.6720593882576407,0.6942246248229916,0.6703033681118387,1.3635331558728614,2.7309216195036417,1.596496785786991,1.6589288940293414,3.415600099978297,0.0,3.010895966494874,1.3209831381578987,2.3934666677529135,1.5313492596802332,0.5399697402400233,1.4515635998570977,2.1076361709695184
62,3.6581957746205327,2.7348927665309186,2.872981780517429,2.727973224017604,4.247861827146112,2.8024078449300887,3.332792395612777,3.790982684824319,1.0870026181164396,2.60144620064143,5.856952993270283,5.917185444732761,6.064561275626853,2.6025977638580935,5.0882987206086225,2.195171244005867,2.3580649281317982,3.4854388088825563,1.7882436144637766,1.492911111262805,4.184762420118074,4.052877264014916,1.6627141341023286,3.507930563098476,2.816010518554264,4.41370722840251,3.3117938634342137,4.199171779583309,4.400691635983175,4.814872451299241,4.419761224120327,1.1502554666946527,1.4722778417590583,1.7959846619462538,1.3819184061279826,1.516027018869552,4.448345986981753,0.0013941025785588152,2.9311380274511154,1.3568572698767716,4.134378029016486,6.815286647137131,1.781182880527775,2.1110804963606626,2.244767032265293,6.273549920788589,4.758069845418976,4.332273639845221,4.234447232719399,3.531905155315887,2.9420330388088654,4.4141693711345615,3.480931427850233,4.759197746354666,3.588718629116988,3.478331362549604,3.975275728062327,4.42137899983737,3.2973867335260674,4.198499696335736,4.416111729039865,3.010895966494874,0.0,4.240972354955709,3.767234029836563,3.599480885748592,3.498515667117557,4.439480891007639,1.4756225663574267
63,0.6051446034887422,1.5403576500152503,1.3893885557416294,1.5321909156258537,0.7006932807910051,2.1081395147387885,0.9224623156929914,1.623532430909332,4.463534079366374,1.6395361400119934,1.6831505772984743,1.7188254552716549,1.8455941944853225,1.7030202348697767,4.741240871471084,2.703259308130661,1.9278805271766546,1.0745143393268564,2.565969444702442,2.8497873069169906,0.8657694968529707,0.2496912368589901,2.7542569528961782,1.4107627941389471,1.8828197186188529,1.3366709429121342,1.4425972843631925,0.8114700332739206,0.6007000711320976,1.6641266906652474,2.2246465783806406,3.965975018860826,3.0988773356317005,2.4483019466860823,2.8946355221414346,3.0551653863889383,0.3499160397878157,4.239580345194836,4.109622805921615,3.7349186061149804,0.8467787747376576,8.581993210985994,2.7510559636325103,2.2343268316246556,2.2847088466931815,5.400979855784283,3.7309077380143125,3.3402663790599423,0.007281354551231068,1.8225190316014084,4.000298493218387,3.167458173023247,0.7605241863518819,3.3168391631268475,0.6559145946968435,0.7644604281708608,0.6502455251745425,2.2235840938104654,1.6649099787370758,0.8116014290780739,3.1637911207257248,1.3209831381578987,4.240972354955709,0.0,2.2326373089575684,1.3253482573846114,0.7815632395032689,0.3430412944248341,3.09643462867402
64,1.8812813152572787,1.7857360561857505,1.810665906701979,2.225505283564849,2.8522026624321875,1.0201630168634506,1.8391201002346051,0.6094583186692226,4.497911142269454,2.0642975286495067,3.6462149248711526,3.6262442442732308,3.672837716185116,2.424442763648788,6.433576088320423,1.5752221142419718,1.882383017325833,1.3061395313297637,2.8760794123483677,2.351026009788652,2.9687229550531264,2.299154402689083,3.0601501315510053,0.9049533855113711,1.1429305757607096,1.1888401628155651,1.0144438153034612,1.4901679441518347,1.807111006012578,1.3639771955204583,0.6678944450850437,2.9283521763963605,2.295119761351141,2.498353904616077,2.9005250790303365,3.370022379329803,2.5803956447263228,3.766089568897743,2.1861435127020714,4.025635713687785,2.928125526599057,6.402160961018464,2.003120579776533,2.7073028186741572,2.9862776592446942,3.34586539969804,1.5901528880005955,1.1455614704787207,2.2324847160567964,0.48262383250066443,2.0677533500177887,1.0255629229539556,1.9729414351015224,1.2859480465821327,2.077371544681215,1.949594504124955,1.5824384510982932,0.6698148889180136,0.7999716388551824,1.489720036115485,1.0234336666607888,2.3934666677529135,3.767234029836563,2.2326373089575684,0.0,0.9511086179137153,2.2183309200542563,2.5741180797955794,2.2917713563093423
65,0.9302426303302394,1.0732406540317694,1.0318009714913599,1.4427753422061835,1.9085943772105716,0.9330727288175917,0.9200522349517424,0.3951436130787428,4.127995510573584,1.3459885834073633,2.8811951167649292,2.8834926591119427,2.9636641304228544,1.6619172739178667,5.5519932611203995,1.6217768201425218,1.3330743101701237,0.3682034697681475,2.309455356344218,2.10658203582083,2.019744202175115,1.3608821657276873,2.510025489661921,0.1075015606388508,0.8064779945882439,0.8151317717960588,0.2878076531718241,0.7266603591826017,1.0324472907866105,1.2327220801199834,1.199935460000806,3.0188639524201606,2.2134399783766985,2.0026086741394304,2.4628008933677665,2.8372112745374025,1.674963755000937,3.5981726445964948,2.825358976092405,3.5346949370764693,1.9783341548896844,7.257012415682151,1.859636254417792,2.0627185867996425,2.2869030513065947,4.2671906433749305,2.527729262486739,2.094813935888752,1.324001917569543,0.5010178440743329,2.7122002990581224,1.9576770647675552,1.032830812973845,2.1756184662445355,1.1299094440031443,1.009562958776654,0.690429898616321,1.200052053886792,0.3885956861954165,0.7260029089350025,1.954918552815466,1.5313492596802332,3.599480885748592,1.3253482573846114,0.9511086179137153,0.0,1.2792385552000063,1.6678384260841803,2.2103212672366284
66,0.4072744252676589,0.9068727642029822,0.7541910748805933,0.7709094923066073,0.8459477931284584,1.7378871819228638,0.39918203203477776,1.6683439206294253,3.6828201534248146,0.9183167468473155,2.3626346969277714,2.4193443787339555,2.5662691142035956,0.9252532103093849,4.307655735851331,2.199867974178299,1.269407202605996,0.9139087067421828,1.7897230078111834,2.1698959339985984,0.8751284401536651,0.5615453631321996,1.975306194934562,1.3135683433465217,1.4797356606378722,1.7141319571102749,1.229405819714905,1.202655373957687,1.188573352713546,2.1297497803705983,2.434919913245449,3.330115725928428,2.463826660059578,1.703079489330006,2.134003080625969,2.273913122180176,0.9498490529920053,3.497121616085944,3.7485251516062505,2.9538047116041644,0.823167932847886,8.322124175671359,2.137444239579642,1.456055616183906,1.5058917628282922,5.54636338032824,3.8044902766601085,3.363403611135314,0.774390218972826,1.7419380419888162,3.649096617399056,3.2352363794025494,0.24640978397422297,3.453213683981626,0.18519415887956062,0.26969432673140975,0.9094841519776312,2.4345789574962557,1.4706662998893782,1.2023191714120458,3.2325938449412126,0.5399697402400233,3.498515667117557,0.7815632395032689,2.2183309200542563,1.2792385552000063,0.0,0.9409751802626459,2.4617948623399815
67,0.8901051552418858,1.7926238201803177,1.637957628193289,1.7116618329911477,0.47758192609931877,2.4312857092377227,1.1813476436613364,1.964754539162016,4.5891317704326005,1.851751216111347,1.4257027396424744,1.478870997590111,1.6256719341255632,1.8547249166321704,4.5518193635158655,3.0058857488412696,2.1751087462594607,1.406658940691395,2.7162993863632376,3.0915976255019366,0.6583023157950426,0.4007447095013911,2.894868116296221,1.7520944389020408,2.1987142150558707,1.637669841208086,1.7767256621536787,1.131623428034252,0.8773741044982368,1.9278594680935484,2.543733687270471,4.231380071862012,3.362438474966385,2.644003448282223,3.072607369773106,3.1802038298499373,0.009053826579596106,4.438086853981897,4.441206478304885,3.8396536463796362,0.6590660689332652,8.923836276779598,3.021608992241668,2.3802785622308327,2.3860659749135618,5.716783333676906,4.0610507222150884,3.676493820207132,0.34402545337514334,2.165479044751135,4.332832557016259,3.499981121331803,0.9989400563200869,3.640195754326192,0.8709817325195756,1.0090694660487776,0.9923285205742544,2.5425621259147624,2.0027778108646777,1.1318407196087512,3.496218980175986,1.4515635998570977,4.439480891007639,0.3430412944248341,2.5741180797955794,1.6678384260841803,0.9409751802626459,0.0,3.360157490559612
68,2.4912991495760126,1.5680673359730624,1.7231647556438545,1.7719468998473515,3.2979772272981456,1.3466998111471251,2.1807569707213146,2.3510689929456587,2.3002772829592097,1.5655300813094037,4.776371754116854,4.815236528385641,4.938978322544493,1.7600791698711526,5.36217280424265,0.7207586202646807,1.192456969720973,2.1721076948975466,1.359631111915126,0.39006606509544084,3.2895939401093304,2.959423870129218,1.4188912863534762,2.1103381553686793,1.404601350443007,3.0098829289659355,1.9293928088807966,2.874962236240334,3.1208038509490565,3.3887478862089497,2.946521192144366,0.8712245173970474,0.003352324971153725,1.0295902017955376,1.0522713187897834,1.5846444977019722,3.3691968958963576,1.4744874574837352,1.9130264227316904,2.0327587966145653,3.2358999765509058,6.380820734343939,0.3556065497417591,1.500313207924433,1.799258307834176,4.985110153421379,3.366658522226163,2.9179293620080595,3.0909505246705575,2.0766142762375845,1.8720139729273393,2.9757176839545503,2.3612820206547314,3.318744170840704,2.4918526650439223,2.3511821180466486,2.6956170129624897,2.948177991896239,1.8719223958311382,2.874271834702773,2.977208589195578,2.1076361709695184,1.4756225663574267,3.09643462867402,2.2917713563093423,2.2103212672366284,2.4617948623399815,3.360157490559612,0.0
